original_name,original_path,staged_name,staged_path
000341.png,D:\dronevid2\000341.png,image_000001.png,C:\Users\JLETOB~1\AppData\Local\Temp\colmap_orchestrate_x_4ezbmr\colmap_frames\image_000001.png
000342.png,D:\dronevid2\000342.png,image_000002.png,C:\Users\JLETOB~1\AppData\Local\Temp\colmap_orchestrate_x_4ezbmr\colmap_frames\image_000002.png
000343.png,D:\dronevid2\000343.png,image_000003.png,C:\Users\JLETOB~1\AppData\Local\Temp\colmap_orchestrate_x_4ezbmr\colmap_frames\image_000003.png
000344.png,D:\dronevid2\000344.png,image_000004.png,C:\Users\JLETOB~1\AppData\Local\Temp\colmap_orchestrate_x_4ezbmr\colmap_frames\image_000004.png
000345.png,D:\dronevid2\000345.png,image_000005.png,C:\Users\JLETOB~1\AppData\Local\Temp\colmap_orchestrate_x_4ezbmr\colmap_frames\image_000005.png
000346.png,D:\dronevid2\000346.png,image_000006.png,C:\Users\JLETOB~1\AppData\Local\Temp\colmap_orchestrate_x_4ezbmr\colmap_frames\image_000006.png
000347.png,D:\dronevid2\000347.png,image_000007.png,C:\Users\JLETOB~1\AppData\Local\Temp\colmap_orchestrate_x_4ezbmr\colmap_frames\image_000007.png
000348.png,D:\dronevid2\000348.png,image_000008.png,C:\Users\JLETOB~1\AppData\Local\Temp\colmap_orchestrate_x_4ezbmr\colmap_frames\image_000008.png
000349.png,D:\dronevid2\000349.png,image_000009.png,C:\Users\JLETOB~1\AppData\Local\Temp\colmap_orchestrate_x_4ezbmr\colmap_frames\image_000009.png
000350.png,D:\dronevid2\000350.png,image_000010.png,C:\Users\JLETOB~1\AppData\Local\Temp\colmap_orchestrate_x_4ezbmr\colmap_frames\image_000010.png
000351.png,D:\dronevid2\000351.png,image_000011.png,C:\Users\JLETOB~1\AppData\Local\Temp\colmap_orchestrate_x_4ezbmr\colmap_frames\image_000011.png
000352.png,D:\dronevid2\000352.png,image_000012.png,C:\Users\JLETOB~1\AppData\Local\Temp\colmap_orchestrate_x_4ezbmr\colmap_frames\image_000012.png
000353.png,D:\dronevid2\000353.png,image_000013.png,C:\Users\JLETOB~1\AppData\Local\Temp\colmap_orchestrate_x_4ezbmr\colmap_frames\image_000013.png
000354.png,D:\dronevid2\000354.png,image_000014.png,C:\Users\JLETOB~1\AppData\Local\Temp\colmap_orchestrate_x_4ezbmr\colmap_frames\image_000014.png
000355.png,D:\dronevid2\000355.png,image_000015.png,C:\Users\JLETOB~1\AppData\Local\Temp\colmap_orchestrate_x_4ezbmr\colmap_frames\image_000015.png
000356.png,D:\dronevid2\000356.png,image_000016.png,C:\Users\JLETOB~1\AppData\Local\Temp\colmap_orchestrate_x_4ezbmr\colmap_frames\image_000016.png
000357.png,D:\dronevid2\000357.png,image_000017.png,C:\Users\JLETOB~1\AppData\Local\Temp\colmap_orchestrate_x_4ezbmr\colmap_frames\image_000017.png
000358.png,D:\dronevid2\000358.png,image_000018.png,C:\Users\JLETOB~1\AppData\Local\Temp\colmap_orchestrate_x_4ezbmr\colmap_frames\image_000018.png
000359.png,D:\dronevid2\000359.png,image_000019.png,C:\Users\JLETOB~1\AppData\Local\Temp\colmap_orchestrate_x_4ezbmr\colmap_frames\image_000019.png
000360.png,D:\dronevid2\000360.png,image_000020.png,C:\Users\JLETOB~1\AppData\Local\Temp\colmap_orchestrate_x_4ezbmr\colmap_frames\image_000020.png
000361.png,D:\dronevid2\000361.png,image_000021.png,C:\Users\JLETOB~1\AppData\Local\Temp\colmap_orchestrate_x_4ezbmr\colmap_frames\image_000021.png
000362.png,D:\dronevid2\000362.png,image_000022.png,C:\Users\JLETOB~1\AppData\Local\Temp\colmap_orchestrate_x_4ezbmr\colmap_frames\image_000022.png
000363.png,D:\dronevid2\000363.png,image_000023.png,C:\Users\JLETOB~1\AppData\Local\Temp\colmap_orchestrate_x_4ezbmr\colmap_frames\image_000023.png
000364.png,D:\dronevid2\000364.png,image_000024.png,C:\Users\JLETOB~1\AppData\Local\Temp\colmap_orchestrate_x_4ezbmr\colmap_frames\image_000024.png
000365.png,D:\dronevid2\000365.png,image_000025.png,C:\Users\JLETOB~1\AppData\Local\Temp\colmap_orchestrate_x_4ezbmr\colmap_frames\image_000025.png
000366.png,D:\dronevid2\000366.png,image_000026.png,C:\Users\JLETOB~1\AppData\Local\Temp\colmap_orchestrate_x_4ezbmr\colmap_frames\image_000026.png
000367.png,D:\dronevid2\000367.png,image_000027.png,C:\Users\JLETOB~1\AppData\Local\Temp\colmap_orchestrate_x_4ezbmr\colmap_frames\image_000027.png
000368.png,D:\dronevid2\000368.png,image_000028.png,C:\Users\JLETOB~1\AppData\Local\Temp\colmap_orchestrate_x_4ezbmr\colmap_frames\image_000028.png
000369.png,D:\dronevid2\000369.png,image_000029.png,C:\Users\JLETOB~1\AppData\Local\Temp\colmap_orchestrate_x_4ezbmr\colmap_frames\image_000029.png
000370.png,D:\dronevid2\000370.png,image_000030.png,C:\Users\JLETOB~1\AppData\Local\Temp\colmap_orchestrate_x_4ezbmr\colmap_frames\image_000030.png
000371.png,D:\dronevid2\000371.png,image_000031.png,C:\Users\JLETOB~1\AppData\Local\Temp\colmap_orchestrate_x_4ezbmr\colmap_frames\image_000031.png
000372.png,D:\dronevid2\000372.png,image_000032.png,C:\Users\JLETOB~1\AppData\Local\Temp\colmap_orchestrate_x_4ezbmr\colmap_frames\image_000032.png
000373.png,D:\dronevid2\000373.png,image_000033.png,C:\Users\JLETOB~1\AppData\Local\Temp\colmap_orchestrate_x_4ezbmr\colmap_frames\image_000033.png
000374.png,D:\dronevid2\000374.png,image_000034.png,C:\Users\JLETOB~1\AppData\Local\Temp\colmap_orchestrate_x_4ezbmr\colmap_frames\image_000034.png
000375.png,D:\dronevid2\000375.png,image_000035.png,C:\Users\JLETOB~1\AppData\Local\Temp\colmap_orchestrate_x_4ezbmr\colmap_frames\image_000035.png
000376.png,D:\dronevid2\000376.png,image_000036.png,C:\Users\JLETOB~1\AppData\Local\Temp\colmap_orchestrate_x_4ezbmr\colmap_frames\image_000036.png
000377.png,D:\dronevid2\000377.png,image_000037.png,C:\Users\JLETOB~1\AppData\Local\Temp\colmap_orchestrate_x_4ezbmr\colmap_frames\image_000037.png
000378.png,D:\dronevid2\000378.png,image_000038.png,C:\Users\JLETOB~1\AppData\Local\Temp\colmap_orchestrate_x_4ezbmr\colmap_frames\image_000038.png
000379.png,D:\dronevid2\000379.png,image_000039.png,C:\Users\JLETOB~1\AppData\Local\Temp\colmap_orchestrate_x_4ezbmr\colmap_frames\image_000039.png
000380.png,D:\dronevid2\000380.png,image_000040.png,C:\Users\JLETOB~1\AppData\Local\Temp\colmap_orchestrate_x_4ezbmr\colmap_frames\image_000040.png
000381.png,D:\dronevid2\000381.png,image_000041.png,C:\Users\JLETOB~1\AppData\Local\Temp\colmap_orchestrate_x_4ezbmr\colmap_frames\image_000041.png
000382.png,D:\dronevid2\000382.png,image_000042.png,C:\Users\JLETOB~1\AppData\Local\Temp\colmap_orchestrate_x_4ezbmr\colmap_frames\image_000042.png
000383.png,D:\dronevid2\000383.png,image_000043.png,C:\Users\JLETOB~1\AppData\Local\Temp\colmap_orchestrate_x_4ezbmr\colmap_frames\image_000043.png
000384.png,D:\dronevid2\000384.png,image_000044.png,C:\Users\JLETOB~1\AppData\Local\Temp\colmap_orchestrate_x_4ezbmr\colmap_frames\image_000044.png
000385.png,D:\dronevid2\000385.png,image_000045.png,C:\Users\JLETOB~1\AppData\Local\Temp\colmap_orchestrate_x_4ezbmr\colmap_frames\image_000045.png
000386.png,D:\dronevid2\000386.png,image_000046.png,C:\Users\JLETOB~1\AppData\Local\Temp\colmap_orchestrate_x_4ezbmr\colmap_frames\image_000046.png
000387.png,D:\dronevid2\000387.png,image_000047.png,C:\Users\JLETOB~1\AppData\Local\Temp\colmap_orchestrate_x_4ezbmr\colmap_frames\image_000047.png
000388.png,D:\dronevid2\000388.png,image_000048.png,C:\Users\JLETOB~1\AppData\Local\Temp\colmap_orchestrate_x_4ezbmr\colmap_frames\image_000048.png
000389.png,D:\dronevid2\000389.png,image_000049.png,C:\Users\JLETOB~1\AppData\Local\Temp\colmap_orchestrate_x_4ezbmr\colmap_frames\image_000049.png
000390.png,D:\dronevid2\000390.png,image_000050.png,C:\Users\JLETOB~1\AppData\Local\Temp\colmap_orchestrate_x_4ezbmr\colmap_frames\image_000050.png
000391.png,D:\dronevid2\000391.png,image_000051.png,C:\Users\JLETOB~1\AppData\Local\Temp\colmap_orchestrate_x_4ezbmr\colmap_frames\image_000051.png
000392.png,D:\dronevid2\000392.png,image_000052.png,C:\Users\JLETOB~1\AppData\Local\Temp\colmap_orchestrate_x_4ezbmr\colmap_frames\image_000052.png
000393.png,D:\dronevid2\000393.png,image_000053.png,C:\Users\JLETOB~1\AppData\Local\Temp\colmap_orchestrate_x_4ezbmr\colmap_frames\image_000053.png
000394.png,D:\dronevid2\000394.png,image_000054.png,C:\Users\JLETOB~1\AppData\Local\Temp\colmap_orchestrate_x_4ezbmr\colmap_frames\image_000054.png
000395.png,D:\dronevid2\000395.png,image_000055.png,C:\Users\JLETOB~1\AppData\Local\Temp\colmap_orchestrate_x_4ezbmr\colmap_frames\image_000055.png
000396.png,D:\dronevid2\000396.png,image_000056.png,C:\Users\JLETOB~1\AppData\Local\Temp\colmap_orchestrate_x_4ezbmr\colmap_frames\image_000056.png
000397.png,D:\dronevid2\000397.png,image_000057.png,C:\Users\JLETOB~1\AppData\Local\Temp\colmap_orchestrate_x_4ezbmr\colmap_frames\image_000057.png
000398.png,D:\dronevid2\000398.png,image_000058.png,C:\Users\JLETOB~1\AppData\Local\Temp\colmap_orchestrate_x_4ezbmr\colmap_frames\image_000058.png
000399.png,D:\dronevid2\000399.png,image_000059.png,C:\Users\JLETOB~1\AppData\Local\Temp\colmap_orchestrate_x_4ezbmr\colmap_frames\image_000059.png
000400.png,D:\dronevid2\000400.png,image_000060.png,C:\Users\JLETOB~1\AppData\Local\Temp\colmap_orchestrate_x_4ezbmr\colmap_frames\image_000060.png
000401.png,D:\dronevid2\000401.png,image_000061.png,C:\Users\JLETOB~1\AppData\Local\Temp\colmap_orchestrate_x_4ezbmr\colmap_frames\image_000061.png
000402.png,D:\dronevid2\000402.png,image_000062.png,C:\Users\JLETOB~1\AppData\Local\Temp\colmap_orchestrate_x_4ezbmr\colmap_frames\image_000062.png
000403.png,D:\dronevid2\000403.png,image_000063.png,C:\Users\JLETOB~1\AppData\Local\Temp\colmap_orchestrate_x_4ezbmr\colmap_frames\image_000063.png
000404.png,D:\dronevid2\000404.png,image_000064.png,C:\Users\JLETOB~1\AppData\Local\Temp\colmap_orchestrate_x_4ezbmr\colmap_frames\image_000064.png
000405.png,D:\dronevid2\000405.png,image_000065.png,C:\Users\JLETOB~1\AppData\Local\Temp\colmap_orchestrate_x_4ezbmr\colmap_frames\image_000065.png
000406.png,D:\dronevid2\000406.png,image_000066.png,C:\Users\JLETOB~1\AppData\Local\Temp\colmap_orchestrate_x_4ezbmr\colmap_frames\image_000066.png
000407.png,D:\dronevid2\000407.png,image_000067.png,C:\Users\JLETOB~1\AppData\Local\Temp\colmap_orchestrate_x_4ezbmr\colmap_frames\image_000067.png
000408.png,D:\dronevid2\000408.png,image_000068.png,C:\Users\JLETOB~1\AppData\Local\Temp\colmap_orchestrate_x_4ezbmr\colmap_frames\image_000068.png
000409.png,D:\dronevid2\000409.png,image_000069.png,C:\Users\JLETOB~1\AppData\Local\Temp\colmap_orchestrate_x_4ezbmr\colmap_frames\image_000069.png
000410.png,D:\dronevid2\000410.png,image_000070.png,C:\Users\JLETOB~1\AppData\Local\Temp\colmap_orchestrate_x_4ezbmr\colmap_frames\image_000070.png
000411.png,D:\dronevid2\000411.png,image_000071.png,C:\Users\JLETOB~1\AppData\Local\Temp\colmap_orchestrate_x_4ezbmr\colmap_frames\image_000071.png
000412.png,D:\dronevid2\000412.png,image_000072.png,C:\Users\JLETOB~1\AppData\Local\Temp\colmap_orchestrate_x_4ezbmr\colmap_frames\image_000072.png
000413.png,D:\dronevid2\000413.png,image_000073.png,C:\Users\JLETOB~1\AppData\Local\Temp\colmap_orchestrate_x_4ezbmr\colmap_frames\image_000073.png
000414.png,D:\dronevid2\000414.png,image_000074.png,C:\Users\JLETOB~1\AppData\Local\Temp\colmap_orchestrate_x_4ezbmr\colmap_frames\image_000074.png
000415.png,D:\dronevid2\000415.png,image_000075.png,C:\Users\JLETOB~1\AppData\Local\Temp\colmap_orchestrate_x_4ezbmr\colmap_frames\image_000075.png
000416.png,D:\dronevid2\000416.png,image_000076.png,C:\Users\JLETOB~1\AppData\Local\Temp\colmap_orchestrate_x_4ezbmr\colmap_frames\image_000076.png
000417.png,D:\dronevid2\000417.png,image_000077.png,C:\Users\JLETOB~1\AppData\Local\Temp\colmap_orchestrate_x_4ezbmr\colmap_frames\image_000077.png
000418.png,D:\dronevid2\000418.png,image_000078.png,C:\Users\JLETOB~1\AppData\Local\Temp\colmap_orchestrate_x_4ezbmr\colmap_frames\image_000078.png
000419.png,D:\dronevid2\000419.png,image_000079.png,C:\Users\JLETOB~1\AppData\Local\Temp\colmap_orchestrate_x_4ezbmr\colmap_frames\image_000079.png
000420.png,D:\dronevid2\000420.png,image_000080.png,C:\Users\JLETOB~1\AppData\Local\Temp\colmap_orchestrate_x_4ezbmr\colmap_frames\image_000080.png
000421.png,D:\dronevid2\000421.png,image_000081.png,C:\Users\JLETOB~1\AppData\Local\Temp\colmap_orchestrate_x_4ezbmr\colmap_frames\image_000081.png
000422.png,D:\dronevid2\000422.png,image_000082.png,C:\Users\JLETOB~1\AppData\Local\Temp\colmap_orchestrate_x_4ezbmr\colmap_frames\image_000082.png
000423.png,D:\dronevid2\000423.png,image_000083.png,C:\Users\JLETOB~1\AppData\Local\Temp\colmap_orchestrate_x_4ezbmr\colmap_frames\image_000083.png
000424.png,D:\dronevid2\000424.png,image_000084.png,C:\Users\JLETOB~1\AppData\Local\Temp\colmap_orchestrate_x_4ezbmr\colmap_frames\image_000084.png
000425.png,D:\dronevid2\000425.png,image_000085.png,C:\Users\JLETOB~1\AppData\Local\Temp\colmap_orchestrate_x_4ezbmr\colmap_frames\image_000085.png
000426.png,D:\dronevid2\000426.png,image_000086.png,C:\Users\JLETOB~1\AppData\Local\Temp\colmap_orchestrate_x_4ezbmr\colmap_frames\image_000086.png
000427.png,D:\dronevid2\000427.png,image_000087.png,C:\Users\JLETOB~1\AppData\Local\Temp\colmap_orchestrate_x_4ezbmr\colmap_frames\image_000087.png
000428.png,D:\dronevid2\000428.png,image_000088.png,C:\Users\JLETOB~1\AppData\Local\Temp\colmap_orchestrate_x_4ezbmr\colmap_frames\image_000088.png
000429.png,D:\dronevid2\000429.png,image_000089.png,C:\Users\JLETOB~1\AppData\Local\Temp\colmap_orchestrate_x_4ezbmr\colmap_frames\image_000089.png
000430.png,D:\dronevid2\000430.png,image_000090.png,C:\Users\JLETOB~1\AppData\Local\Temp\colmap_orchestrate_x_4ezbmr\colmap_frames\image_000090.png
000431.png,D:\dronevid2\000431.png,image_000091.png,C:\Users\JLETOB~1\AppData\Local\Temp\colmap_orchestrate_x_4ezbmr\colmap_frames\image_000091.png
000432.png,D:\dronevid2\000432.png,image_000092.png,C:\Users\JLETOB~1\AppData\Local\Temp\colmap_orchestrate_x_4ezbmr\colmap_frames\image_000092.png
000433.png,D:\dronevid2\000433.png,image_000093.png,C:\Users\JLETOB~1\AppData\Local\Temp\colmap_orchestrate_x_4ezbmr\colmap_frames\image_000093.png
000434.png,D:\dronevid2\000434.png,image_000094.png,C:\Users\JLETOB~1\AppData\Local\Temp\colmap_orchestrate_x_4ezbmr\colmap_frames\image_000094.png
000435.png,D:\dronevid2\000435.png,image_000095.png,C:\Users\JLETOB~1\AppData\Local\Temp\colmap_orchestrate_x_4ezbmr\colmap_frames\image_000095.png
000436.png,D:\dronevid2\000436.png,image_000096.png,C:\Users\JLETOB~1\AppData\Local\Temp\colmap_orchestrate_x_4ezbmr\colmap_frames\image_000096.png
000437.png,D:\dronevid2\000437.png,image_000097.png,C:\Users\JLETOB~1\AppData\Local\Temp\colmap_orchestrate_x_4ezbmr\colmap_frames\image_000097.png
000438.png,D:\dronevid2\000438.png,image_000098.png,C:\Users\JLETOB~1\AppData\Local\Temp\colmap_orchestrate_x_4ezbmr\colmap_frames\image_000098.png
000439.png,D:\dronevid2\000439.png,image_000099.png,C:\Users\JLETOB~1\AppData\Local\Temp\colmap_orchestrate_x_4ezbmr\colmap_frames\image_000099.png
000440.png,D:\dronevid2\000440.png,image_000100.png,C:\Users\JLETOB~1\AppData\Local\Temp\colmap_orchestrate_x_4ezbmr\colmap_frames\image_000100.png
000441.png,D:\dronevid2\000441.png,image_000101.png,C:\Users\JLETOB~1\AppData\Local\Temp\colmap_orchestrate_x_4ezbmr\colmap_frames\image_000101.png
000442.png,D:\dronevid2\000442.png,image_000102.png,C:\Users\JLETOB~1\AppData\Local\Temp\colmap_orchestrate_x_4ezbmr\colmap_frames\image_000102.png
000443.png,D:\dronevid2\000443.png,image_000103.png,C:\Users\JLETOB~1\AppData\Local\Temp\colmap_orchestrate_x_4ezbmr\colmap_frames\image_000103.png
000444.png,D:\dronevid2\000444.png,image_000104.png,C:\Users\JLETOB~1\AppData\Local\Temp\colmap_orchestrate_x_4ezbmr\colmap_frames\image_000104.png
000445.png,D:\dronevid2\000445.png,image_000105.png,C:\Users\JLETOB~1\AppData\Local\Temp\colmap_orchestrate_x_4ezbmr\colmap_frames\image_000105.png
000446.png,D:\dronevid2\000446.png,image_000106.png,C:\Users\JLETOB~1\AppData\Local\Temp\colmap_orchestrate_x_4ezbmr\colmap_frames\image_000106.png
000447.png,D:\dronevid2\000447.png,image_000107.png,C:\Users\JLETOB~1\AppData\Local\Temp\colmap_orchestrate_x_4ezbmr\colmap_frames\image_000107.png
000448.png,D:\dronevid2\000448.png,image_000108.png,C:\Users\JLETOB~1\AppData\Local\Temp\colmap_orchestrate_x_4ezbmr\colmap_frames\image_000108.png
000449.png,D:\dronevid2\000449.png,image_000109.png,C:\Users\JLETOB~1\AppData\Local\Temp\colmap_orchestrate_x_4ezbmr\colmap_frames\image_000109.png
000450.png,D:\dronevid2\000450.png,image_000110.png,C:\Users\JLETOB~1\AppData\Local\Temp\colmap_orchestrate_x_4ezbmr\colmap_frames\image_000110.png
000451.png,D:\dronevid2\000451.png,image_000111.png,C:\Users\JLETOB~1\AppData\Local\Temp\colmap_orchestrate_x_4ezbmr\colmap_frames\image_000111.png
000452.png,D:\dronevid2\000452.png,image_000112.png,C:\Users\JLETOB~1\AppData\Local\Temp\colmap_orchestrate_x_4ezbmr\colmap_frames\image_000112.png
000453.png,D:\dronevid2\000453.png,image_000113.png,C:\Users\JLETOB~1\AppData\Local\Temp\colmap_orchestrate_x_4ezbmr\colmap_frames\image_000113.png
000454.png,D:\dronevid2\000454.png,image_000114.png,C:\Users\JLETOB~1\AppData\Local\Temp\colmap_orchestrate_x_4ezbmr\colmap_frames\image_000114.png
000455.png,D:\dronevid2\000455.png,image_000115.png,C:\Users\JLETOB~1\AppData\Local\Temp\colmap_orchestrate_x_4ezbmr\colmap_frames\image_000115.png
000456.png,D:\dronevid2\000456.png,image_000116.png,C:\Users\JLETOB~1\AppData\Local\Temp\colmap_orchestrate_x_4ezbmr\colmap_frames\image_000116.png
000457.png,D:\dronevid2\000457.png,image_000117.png,C:\Users\JLETOB~1\AppData\Local\Temp\colmap_orchestrate_x_4ezbmr\colmap_frames\image_000117.png
000458.png,D:\dronevid2\000458.png,image_000118.png,C:\Users\JLETOB~1\AppData\Local\Temp\colmap_orchestrate_x_4ezbmr\colmap_frames\image_000118.png
000459.png,D:\dronevid2\000459.png,image_000119.png,C:\Users\JLETOB~1\AppData\Local\Temp\colmap_orchestrate_x_4ezbmr\colmap_frames\image_000119.png
000460.png,D:\dronevid2\000460.png,image_000120.png,C:\Users\JLETOB~1\AppData\Local\Temp\colmap_orchestrate_x_4ezbmr\colmap_frames\image_000120.png
000461.png,D:\dronevid2\000461.png,image_000121.png,C:\Users\JLETOB~1\AppData\Local\Temp\colmap_orchestrate_x_4ezbmr\colmap_frames\image_000121.png
000462.png,D:\dronevid2\000462.png,image_000122.png,C:\Users\JLETOB~1\AppData\Local\Temp\colmap_orchestrate_x_4ezbmr\colmap_frames\image_000122.png
000463.png,D:\dronevid2\000463.png,image_000123.png,C:\Users\JLETOB~1\AppData\Local\Temp\colmap_orchestrate_x_4ezbmr\colmap_frames\image_000123.png
000464.png,D:\dronevid2\000464.png,image_000124.png,C:\Users\JLETOB~1\AppData\Local\Temp\colmap_orchestrate_x_4ezbmr\colmap_frames\image_000124.png
000465.png,D:\dronevid2\000465.png,image_000125.png,C:\Users\JLETOB~1\AppData\Local\Temp\colmap_orchestrate_x_4ezbmr\colmap_frames\image_000125.png
000466.png,D:\dronevid2\000466.png,image_000126.png,C:\Users\JLETOB~1\AppData\Local\Temp\colmap_orchestrate_x_4ezbmr\colmap_frames\image_000126.png
000467.png,D:\dronevid2\000467.png,image_000127.png,C:\Users\JLETOB~1\AppData\Local\Temp\colmap_orchestrate_x_4ezbmr\colmap_frames\image_000127.png
000468.png,D:\dronevid2\000468.png,image_000128.png,C:\Users\JLETOB~1\AppData\Local\Temp\colmap_orchestrate_x_4ezbmr\colmap_frames\image_000128.png
000469.png,D:\dronevid2\000469.png,image_000129.png,C:\Users\JLETOB~1\AppData\Local\Temp\colmap_orchestrate_x_4ezbmr\colmap_frames\image_000129.png
000470.png,D:\dronevid2\000470.png,image_000130.png,C:\Users\JLETOB~1\AppData\Local\Temp\colmap_orchestrate_x_4ezbmr\colmap_frames\image_000130.png
000471.png,D:\dronevid2\000471.png,image_000131.png,C:\Users\JLETOB~1\AppData\Local\Temp\colmap_orchestrate_x_4ezbmr\colmap_frames\image_000131.png
000472.png,D:\dronevid2\000472.png,image_000132.png,C:\Users\JLETOB~1\AppData\Local\Temp\colmap_orchestrate_x_4ezbmr\colmap_frames\image_000132.png
000473.png,D:\dronevid2\000473.png,image_000133.png,C:\Users\JLETOB~1\AppData\Local\Temp\colmap_orchestrate_x_4ezbmr\colmap_frames\image_000133.png
000474.png,D:\dronevid2\000474.png,image_000134.png,C:\Users\JLETOB~1\AppData\Local\Temp\colmap_orchestrate_x_4ezbmr\colmap_frames\image_000134.png
000475.png,D:\dronevid2\000475.png,image_000135.png,C:\Users\JLETOB~1\AppData\Local\Temp\colmap_orchestrate_x_4ezbmr\colmap_frames\image_000135.png
000476.png,D:\dronevid2\000476.png,image_000136.png,C:\Users\JLETOB~1\AppData\Local\Temp\colmap_orchestrate_x_4ezbmr\colmap_frames\image_000136.png
000477.png,D:\dronevid2\000477.png,image_000137.png,C:\Users\JLETOB~1\AppData\Local\Temp\colmap_orchestrate_x_4ezbmr\colmap_frames\image_000137.png
000478.png,D:\dronevid2\000478.png,image_000138.png,C:\Users\JLETOB~1\AppData\Local\Temp\colmap_orchestrate_x_4ezbmr\colmap_frames\image_000138.png
000479.png,D:\dronevid2\000479.png,image_000139.png,C:\Users\JLETOB~1\AppData\Local\Temp\colmap_orchestrate_x_4ezbmr\colmap_frames\image_000139.png
000480.png,D:\dronevid2\000480.png,image_000140.png,C:\Users\JLETOB~1\AppData\Local\Temp\colmap_orchestrate_x_4ezbmr\colmap_frames\image_000140.png
000481.png,D:\dronevid2\000481.png,image_000141.png,C:\Users\JLETOB~1\AppData\Local\Temp\colmap_orchestrate_x_4ezbmr\colmap_frames\image_000141.png
000482.png,D:\dronevid2\000482.png,image_000142.png,C:\Users\JLETOB~1\AppData\Local\Temp\colmap_orchestrate_x_4ezbmr\colmap_frames\image_000142.png
000483.png,D:\dronevid2\000483.png,image_000143.png,C:\Users\JLETOB~1\AppData\Local\Temp\colmap_orchestrate_x_4ezbmr\colmap_frames\image_000143.png
000484.png,D:\dronevid2\000484.png,image_000144.png,C:\Users\JLETOB~1\AppData\Local\Temp\colmap_orchestrate_x_4ezbmr\colmap_frames\image_000144.png
000485.png,D:\dronevid2\000485.png,image_000145.png,C:\Users\JLETOB~1\AppData\Local\Temp\colmap_orchestrate_x_4ezbmr\colmap_frames\image_000145.png
000486.png,D:\dronevid2\000486.png,image_000146.png,C:\Users\JLETOB~1\AppData\Local\Temp\colmap_orchestrate_x_4ezbmr\colmap_frames\image_000146.png
000487.png,D:\dronevid2\000487.png,image_000147.png,C:\Users\JLETOB~1\AppData\Local\Temp\colmap_orchestrate_x_4ezbmr\colmap_frames\image_000147.png
000488.png,D:\dronevid2\000488.png,image_000148.png,C:\Users\JLETOB~1\AppData\Local\Temp\colmap_orchestrate_x_4ezbmr\colmap_frames\image_000148.png
000489.png,D:\dronevid2\000489.png,image_000149.png,C:\Users\JLETOB~1\AppData\Local\Temp\colmap_orchestrate_x_4ezbmr\colmap_frames\image_000149.png
000490.png,D:\dronevid2\000490.png,image_000150.png,C:\Users\JLETOB~1\AppData\Local\Temp\colmap_orchestrate_x_4ezbmr\colmap_frames\image_000150.png
000491.png,D:\dronevid2\000491.png,image_000151.png,C:\Users\JLETOB~1\AppData\Local\Temp\colmap_orchestrate_x_4ezbmr\colmap_frames\image_000151.png
000492.png,D:\dronevid2\000492.png,image_000152.png,C:\Users\JLETOB~1\AppData\Local\Temp\colmap_orchestrate_x_4ezbmr\colmap_frames\image_000152.png
000493.png,D:\dronevid2\000493.png,image_000153.png,C:\Users\JLETOB~1\AppData\Local\Temp\colmap_orchestrate_x_4ezbmr\colmap_frames\image_000153.png
000494.png,D:\dronevid2\000494.png,image_000154.png,C:\Users\JLETOB~1\AppData\Local\Temp\colmap_orchestrate_x_4ezbmr\colmap_frames\image_000154.png
000495.png,D:\dronevid2\000495.png,image_000155.png,C:\Users\JLETOB~1\AppData\Local\Temp\colmap_orchestrate_x_4ezbmr\colmap_frames\image_000155.png
000496.png,D:\dronevid2\000496.png,image_000156.png,C:\Users\JLETOB~1\AppData\Local\Temp\colmap_orchestrate_x_4ezbmr\colmap_frames\image_000156.png
000497.png,D:\dronevid2\000497.png,image_000157.png,C:\Users\JLETOB~1\AppData\Local\Temp\colmap_orchestrate_x_4ezbmr\colmap_frames\image_000157.png
000498.png,D:\dronevid2\000498.png,image_000158.png,C:\Users\JLETOB~1\AppData\Local\Temp\colmap_orchestrate_x_4ezbmr\colmap_frames\image_000158.png
000499.png,D:\dronevid2\000499.png,image_000159.png,C:\Users\JLETOB~1\AppData\Local\Temp\colmap_orchestrate_x_4ezbmr\colmap_frames\image_000159.png
000500.png,D:\dronevid2\000500.png,image_000160.png,C:\Users\JLETOB~1\AppData\Local\Temp\colmap_orchestrate_x_4ezbmr\colmap_frames\image_000160.png
000501.png,D:\dronevid2\000501.png,image_000161.png,C:\Users\JLETOB~1\AppData\Local\Temp\colmap_orchestrate_x_4ezbmr\colmap_frames\image_000161.png
000502.png,D:\dronevid2\000502.png,image_000162.png,C:\Users\JLETOB~1\AppData\Local\Temp\colmap_orchestrate_x_4ezbmr\colmap_frames\image_000162.png
000503.png,D:\dronevid2\000503.png,image_000163.png,C:\Users\JLETOB~1\AppData\Local\Temp\colmap_orchestrate_x_4ezbmr\colmap_frames\image_000163.png
000504.png,D:\dronevid2\000504.png,image_000164.png,C:\Users\JLETOB~1\AppData\Local\Temp\colmap_orchestrate_x_4ezbmr\colmap_frames\image_000164.png
000505.png,D:\dronevid2\000505.png,image_000165.png,C:\Users\JLETOB~1\AppData\Local\Temp\colmap_orchestrate_x_4ezbmr\colmap_frames\image_000165.png
000506.png,D:\dronevid2\000506.png,image_000166.png,C:\Users\JLETOB~1\AppData\Local\Temp\colmap_orchestrate_x_4ezbmr\colmap_frames\image_000166.png
000507.png,D:\dronevid2\000507.png,image_000167.png,C:\Users\JLETOB~1\AppData\Local\Temp\colmap_orchestrate_x_4ezbmr\colmap_frames\image_000167.png
000508.png,D:\dronevid2\000508.png,image_000168.png,C:\Users\JLETOB~1\AppData\Local\Temp\colmap_orchestrate_x_4ezbmr\colmap_frames\image_000168.png
000509.png,D:\dronevid2\000509.png,image_000169.png,C:\Users\JLETOB~1\AppData\Local\Temp\colmap_orchestrate_x_4ezbmr\colmap_frames\image_000169.png
000510.png,D:\dronevid2\000510.png,image_000170.png,C:\Users\JLETOB~1\AppData\Local\Temp\colmap_orchestrate_x_4ezbmr\colmap_frames\image_000170.png
000511.png,D:\dronevid2\000511.png,image_000171.png,C:\Users\JLETOB~1\AppData\Local\Temp\colmap_orchestrate_x_4ezbmr\colmap_frames\image_000171.png
000512.png,D:\dronevid2\000512.png,image_000172.png,C:\Users\JLETOB~1\AppData\Local\Temp\colmap_orchestrate_x_4ezbmr\colmap_frames\image_000172.png
000513.png,D:\dronevid2\000513.png,image_000173.png,C:\Users\JLETOB~1\AppData\Local\Temp\colmap_orchestrate_x_4ezbmr\colmap_frames\image_000173.png
000514.png,D:\dronevid2\000514.png,image_000174.png,C:\Users\JLETOB~1\AppData\Local\Temp\colmap_orchestrate_x_4ezbmr\colmap_frames\image_000174.png
000515.png,D:\dronevid2\000515.png,image_000175.png,C:\Users\JLETOB~1\AppData\Local\Temp\colmap_orchestrate_x_4ezbmr\colmap_frames\image_000175.png
000516.png,D:\dronevid2\000516.png,image_000176.png,C:\Users\JLETOB~1\AppData\Local\Temp\colmap_orchestrate_x_4ezbmr\colmap_frames\image_000176.png
000517.png,D:\dronevid2\000517.png,image_000177.png,C:\Users\JLETOB~1\AppData\Local\Temp\colmap_orchestrate_x_4ezbmr\colmap_frames\image_000177.png
000518.png,D:\dronevid2\000518.png,image_000178.png,C:\Users\JLETOB~1\AppData\Local\Temp\colmap_orchestrate_x_4ezbmr\colmap_frames\image_000178.png
000519.png,D:\dronevid2\000519.png,image_000179.png,C:\Users\JLETOB~1\AppData\Local\Temp\colmap_orchestrate_x_4ezbmr\colmap_frames\image_000179.png
000520.png,D:\dronevid2\000520.png,image_000180.png,C:\Users\JLETOB~1\AppData\Local\Temp\colmap_orchestrate_x_4ezbmr\colmap_frames\image_000180.png
000521.png,D:\dronevid2\000521.png,image_000181.png,C:\Users\JLETOB~1\AppData\Local\Temp\colmap_orchestrate_x_4ezbmr\colmap_frames\image_000181.png
000522.png,D:\dronevid2\000522.png,image_000182.png,C:\Users\JLETOB~1\AppData\Local\Temp\colmap_orchestrate_x_4ezbmr\colmap_frames\image_000182.png
000523.png,D:\dronevid2\000523.png,image_000183.png,C:\Users\JLETOB~1\AppData\Local\Temp\colmap_orchestrate_x_4ezbmr\colmap_frames\image_000183.png
000524.png,D:\dronevid2\000524.png,image_000184.png,C:\Users\JLETOB~1\AppData\Local\Temp\colmap_orchestrate_x_4ezbmr\colmap_frames\image_000184.png
000525.png,D:\dronevid2\000525.png,image_000185.png,C:\Users\JLETOB~1\AppData\Local\Temp\colmap_orchestrate_x_4ezbmr\colmap_frames\image_000185.png
000526.png,D:\dronevid2\000526.png,image_000186.png,C:\Users\JLETOB~1\AppData\Local\Temp\colmap_orchestrate_x_4ezbmr\colmap_frames\image_000186.png
000527.png,D:\dronevid2\000527.png,image_000187.png,C:\Users\JLETOB~1\AppData\Local\Temp\colmap_orchestrate_x_4ezbmr\colmap_frames\image_000187.png
000528.png,D:\dronevid2\000528.png,image_000188.png,C:\Users\JLETOB~1\AppData\Local\Temp\colmap_orchestrate_x_4ezbmr\colmap_frames\image_000188.png
000529.png,D:\dronevid2\000529.png,image_000189.png,C:\Users\JLETOB~1\AppData\Local\Temp\colmap_orchestrate_x_4ezbmr\colmap_frames\image_000189.png
000530.png,D:\dronevid2\000530.png,image_000190.png,C:\Users\JLETOB~1\AppData\Local\Temp\colmap_orchestrate_x_4ezbmr\colmap_frames\image_000190.png
000531.png,D:\dronevid2\000531.png,image_000191.png,C:\Users\JLETOB~1\AppData\Local\Temp\colmap_orchestrate_x_4ezbmr\colmap_frames\image_000191.png
000532.png,D:\dronevid2\000532.png,image_000192.png,C:\Users\JLETOB~1\AppData\Local\Temp\colmap_orchestrate_x_4ezbmr\colmap_frames\image_000192.png
000533.png,D:\dronevid2\000533.png,image_000193.png,C:\Users\JLETOB~1\AppData\Local\Temp\colmap_orchestrate_x_4ezbmr\colmap_frames\image_000193.png
000534.png,D:\dronevid2\000534.png,image_000194.png,C:\Users\JLETOB~1\AppData\Local\Temp\colmap_orchestrate_x_4ezbmr\colmap_frames\image_000194.png
000535.png,D:\dronevid2\000535.png,image_000195.png,C:\Users\JLETOB~1\AppData\Local\Temp\colmap_orchestrate_x_4ezbmr\colmap_frames\image_000195.png
000536.png,D:\dronevid2\000536.png,image_000196.png,C:\Users\JLETOB~1\AppData\Local\Temp\colmap_orchestrate_x_4ezbmr\colmap_frames\image_000196.png
000537.png,D:\dronevid2\000537.png,image_000197.png,C:\Users\JLETOB~1\AppData\Local\Temp\colmap_orchestrate_x_4ezbmr\colmap_frames\image_000197.png
000538.png,D:\dronevid2\000538.png,image_000198.png,C:\Users\JLETOB~1\AppData\Local\Temp\colmap_orchestrate_x_4ezbmr\colmap_frames\image_000198.png
000539.png,D:\dronevid2\000539.png,image_000199.png,C:\Users\JLETOB~1\AppData\Local\Temp\colmap_orchestrate_x_4ezbmr\colmap_frames\image_000199.png
000540.png,D:\dronevid2\000540.png,image_000200.png,C:\Users\JLETOB~1\AppData\Local\Temp\colmap_orchestrate_x_4ezbmr\colmap_frames\image_000200.png
000541.png,D:\dronevid2\000541.png,image_000201.png,C:\Users\JLETOB~1\AppData\Local\Temp\colmap_orchestrate_x_4ezbmr\colmap_frames\image_000201.png
000542.png,D:\dronevid2\000542.png,image_000202.png,C:\Users\JLETOB~1\AppData\Local\Temp\colmap_orchestrate_x_4ezbmr\colmap_frames\image_000202.png
000543.png,D:\dronevid2\000543.png,image_000203.png,C:\Users\JLETOB~1\AppData\Local\Temp\colmap_orchestrate_x_4ezbmr\colmap_frames\image_000203.png
000544.png,D:\dronevid2\000544.png,image_000204.png,C:\Users\JLETOB~1\AppData\Local\Temp\colmap_orchestrate_x_4ezbmr\colmap_frames\image_000204.png
000545.png,D:\dronevid2\000545.png,image_000205.png,C:\Users\JLETOB~1\AppData\Local\Temp\colmap_orchestrate_x_4ezbmr\colmap_frames\image_000205.png
000546.png,D:\dronevid2\000546.png,image_000206.png,C:\Users\JLETOB~1\AppData\Local\Temp\colmap_orchestrate_x_4ezbmr\colmap_frames\image_000206.png
000547.png,D:\dronevid2\000547.png,image_000207.png,C:\Users\JLETOB~1\AppData\Local\Temp\colmap_orchestrate_x_4ezbmr\colmap_frames\image_000207.png
000548.png,D:\dronevid2\000548.png,image_000208.png,C:\Users\JLETOB~1\AppData\Local\Temp\colmap_orchestrate_x_4ezbmr\colmap_frames\image_000208.png
000549.png,D:\dronevid2\000549.png,image_000209.png,C:\Users\JLETOB~1\AppData\Local\Temp\colmap_orchestrate_x_4ezbmr\colmap_frames\image_000209.png
000550.png,D:\dronevid2\000550.png,image_000210.png,C:\Users\JLETOB~1\AppData\Local\Temp\colmap_orchestrate_x_4ezbmr\colmap_frames\image_000210.png
000551.png,D:\dronevid2\000551.png,image_000211.png,C:\Users\JLETOB~1\AppData\Local\Temp\colmap_orchestrate_x_4ezbmr\colmap_frames\image_000211.png
000552.png,D:\dronevid2\000552.png,image_000212.png,C:\Users\JLETOB~1\AppData\Local\Temp\colmap_orchestrate_x_4ezbmr\colmap_frames\image_000212.png
000553.png,D:\dronevid2\000553.png,image_000213.png,C:\Users\JLETOB~1\AppData\Local\Temp\colmap_orchestrate_x_4ezbmr\colmap_frames\image_000213.png
000554.png,D:\dronevid2\000554.png,image_000214.png,C:\Users\JLETOB~1\AppData\Local\Temp\colmap_orchestrate_x_4ezbmr\colmap_frames\image_000214.png
000555.png,D:\dronevid2\000555.png,image_000215.png,C:\Users\JLETOB~1\AppData\Local\Temp\colmap_orchestrate_x_4ezbmr\colmap_frames\image_000215.png
000556.png,D:\dronevid2\000556.png,image_000216.png,C:\Users\JLETOB~1\AppData\Local\Temp\colmap_orchestrate_x_4ezbmr\colmap_frames\image_000216.png
000557.png,D:\dronevid2\000557.png,image_000217.png,C:\Users\JLETOB~1\AppData\Local\Temp\colmap_orchestrate_x_4ezbmr\colmap_frames\image_000217.png
000558.png,D:\dronevid2\000558.png,image_000218.png,C:\Users\JLETOB~1\AppData\Local\Temp\colmap_orchestrate_x_4ezbmr\colmap_frames\image_000218.png
000559.png,D:\dronevid2\000559.png,image_000219.png,C:\Users\JLETOB~1\AppData\Local\Temp\colmap_orchestrate_x_4ezbmr\colmap_frames\image_000219.png
000560.png,D:\dronevid2\000560.png,image_000220.png,C:\Users\JLETOB~1\AppData\Local\Temp\colmap_orchestrate_x_4ezbmr\colmap_frames\image_000220.png
000561.png,D:\dronevid2\000561.png,image_000221.png,C:\Users\JLETOB~1\AppData\Local\Temp\colmap_orchestrate_x_4ezbmr\colmap_frames\image_000221.png
000562.png,D:\dronevid2\000562.png,image_000222.png,C:\Users\JLETOB~1\AppData\Local\Temp\colmap_orchestrate_x_4ezbmr\colmap_frames\image_000222.png
000563.png,D:\dronevid2\000563.png,image_000223.png,C:\Users\JLETOB~1\AppData\Local\Temp\colmap_orchestrate_x_4ezbmr\colmap_frames\image_000223.png
000564.png,D:\dronevid2\000564.png,image_000224.png,C:\Users\JLETOB~1\AppData\Local\Temp\colmap_orchestrate_x_4ezbmr\colmap_frames\image_000224.png
000565.png,D:\dronevid2\000565.png,image_000225.png,C:\Users\JLETOB~1\AppData\Local\Temp\colmap_orchestrate_x_4ezbmr\colmap_frames\image_000225.png
000566.png,D:\dronevid2\000566.png,image_000226.png,C:\Users\JLETOB~1\AppData\Local\Temp\colmap_orchestrate_x_4ezbmr\colmap_frames\image_000226.png
000567.png,D:\dronevid2\000567.png,image_000227.png,C:\Users\JLETOB~1\AppData\Local\Temp\colmap_orchestrate_x_4ezbmr\colmap_frames\image_000227.png
000568.png,D:\dronevid2\000568.png,image_000228.png,C:\Users\JLETOB~1\AppData\Local\Temp\colmap_orchestrate_x_4ezbmr\colmap_frames\image_000228.png
000569.png,D:\dronevid2\000569.png,image_000229.png,C:\Users\JLETOB~1\AppData\Local\Temp\colmap_orchestrate_x_4ezbmr\colmap_frames\image_000229.png
000570.png,D:\dronevid2\000570.png,image_000230.png,C:\Users\JLETOB~1\AppData\Local\Temp\colmap_orchestrate_x_4ezbmr\colmap_frames\image_000230.png
000571.png,D:\dronevid2\000571.png,image_000231.png,C:\Users\JLETOB~1\AppData\Local\Temp\colmap_orchestrate_x_4ezbmr\colmap_frames\image_000231.png
000572.png,D:\dronevid2\000572.png,image_000232.png,C:\Users\JLETOB~1\AppData\Local\Temp\colmap_orchestrate_x_4ezbmr\colmap_frames\image_000232.png
000573.png,D:\dronevid2\000573.png,image_000233.png,C:\Users\JLETOB~1\AppData\Local\Temp\colmap_orchestrate_x_4ezbmr\colmap_frames\image_000233.png
000574.png,D:\dronevid2\000574.png,image_000234.png,C:\Users\JLETOB~1\AppData\Local\Temp\colmap_orchestrate_x_4ezbmr\colmap_frames\image_000234.png
000575.png,D:\dronevid2\000575.png,image_000235.png,C:\Users\JLETOB~1\AppData\Local\Temp\colmap_orchestrate_x_4ezbmr\colmap_frames\image_000235.png
000576.png,D:\dronevid2\000576.png,image_000236.png,C:\Users\JLETOB~1\AppData\Local\Temp\colmap_orchestrate_x_4ezbmr\colmap_frames\image_000236.png
000577.png,D:\dronevid2\000577.png,image_000237.png,C:\Users\JLETOB~1\AppData\Local\Temp\colmap_orchestrate_x_4ezbmr\colmap_frames\image_000237.png
000578.png,D:\dronevid2\000578.png,image_000238.png,C:\Users\JLETOB~1\AppData\Local\Temp\colmap_orchestrate_x_4ezbmr\colmap_frames\image_000238.png
